,name,url
0,Alcazar of Seville (Seville Province),https://www.spainthisway.com/places/seville-alcazar.php
1,Alhambra Palace (Granada Province),https://www.spainthisway.com/places/alhambra.php
2,Almeria,https://www.spainthisway.com/places/almeria.php
3,Almodovar del Rio (Cordoba Province),https://www.spainthisway.com/places/almodovar-del-rio.php
4,Arcos de la Frontera (Cadiz Province),https://www.spainthisway.com/places/arcos-de-la-frontera.php
5,Baeza (Jaen Province),https://www.spainthisway.com/places/baeza.php
6,Cadiz,https://www.spainthisway.com/places/cadiz.php
7,Carmona (Seville Province),https://www.spainthisway.com/places/carmona.php
8,Casa de Pilatos (Seville Province),https://www.spainthisway.com/places/seville-casa-de-pilatos.php
9,Casares (Malaga Province),https://www.spainthisway.com/places/casares.php
10,Cordoba,https://www.spainthisway.com/places/cordoba.php
11,El Rocio (Huelva Province),https://www.spainthisway.com/places/el-rocio.php
12,Granada (Granada Province),https://www.spainthisway.com/places/granada.php
13,Guadix (Granada Province),https://www.spainthisway.com/places/guadix.php
14,Italica (Seville Province),https://www.spainthisway.com/places/italica.php
15,Jerez de la Frontera (Cadiz Province),https://www.spainthisway.com/places/jerez.php
16,Malaga (Malaga Province),https://www.spainthisway.com/places/malaga.php
17,Marbella (Malaga Province),https://www.spainthisway.com/places/marbella.php
18,Metropol Parasol (Seville Province),https://www.spainthisway.com/places/seville-parasol.php
19,Mezquita of Cordoba (Cordoba Province),https://www.spainthisway.com/places/cordoba-mezquita.php
20,Nerja Caves (Malaga Province),https://www.spainthisway.com/places/nerja-caves.php
21,Osuna (Seville Province),https://www.spainthisway.com/places/osuna.php
22,Puerto-Banus (Malaga Province),https://www.spainthisway.com/places/puerto-banus.php
23,Ronda (Malaga Province),https://www.spainthisway.com/places/ronda.php
24,Seville (Seville Province),https://www.spainthisway.com/places/seville.php
25,Seville - Giralda (Seville Province),https://www.spainthisway.com/places/seville-giralda.php
26,Seville - More Places to Visit (Seville Province),https://www.spainthisway.com/places/seville-places-to-visit.php
27,Seville - Plaza de Espana (Seville Province),https://www.spainthisway.com/places/seville-plaza-de-espana.php
28,Seville Bullring (Seville Province),https://www.spainthisway.com/places/seville-bullring.php
29,Seville Cathedral (Seville Province),https://www.spainthisway.com/places/seville-cathedral.php
30,Seville- El Arenal (Seville Province),https://www.spainthisway.com/places/seville-el-arenal.php
31,Seville-Barrio Santa Cruz (Seville Province),https://www.spainthisway.com/places/seville-santa-cruz.php
32,Ubeda (Jaen Province),https://www.spainthisway.com/places/ubeda.php
33,Zuheros (Cordoba Province),https://www.spainthisway.com/places/zuheros.php
0,Aguero (Huesca Province),https://www.spainthisway.com/places/aguero.php
1,Ainsa (Huesca Province),https://www.spainthisway.com/places/ainsa.php
2,Albarracin (Teruel Province),https://www.spainthisway.com/places/albarracin.php
3,Alcaniz (Teruel Province),https://www.spainthisway.com/places/alcaniz.php
4,Alquezar (Huesca Province),https://www.spainthisway.com/places/alquezar.php
5,Daroca (Zaragoza Province),https://www.spainthisway.com/places/daroca.php
6,Tarazona (Zaragoza Province),https://www.spainthisway.com/places/tarazona.php
7,Teruel (Teruel Province),https://www.spainthisway.com/places/teruel.php
8,Zaragoza (Zaragoza Province),https://www.spainthisway.com/places/zaragoza.php
0,Altamira Caves (Cantabria Province),https://www.spainthisway.com/places/altamiracaves.php
1,Alto Campoo (Cantabria Province),https://www.spainthisway.com/places/alto-campoo.php
2,Aviles (Asturias Province),https://www.spainthisway.com/places/aviles.php
3,Barcena Mayor (Cantabria Province),https://www.spainthisway.com/places/barcena-mayor.php
4,Cangas de Onis (Asturias Province),https://www.spainthisway.com/places/cangas-de-onis.php
5,Castro Urdiales (Cantabria Province),https://www.spainthisway.com/places/castro-urdiales.php
6,Comillas (Cantabria Province),https://www.spainthisway.com/places/comillas.php
7,Covadonga (Asturias Province),https://www.spainthisway.com/places/covadonga.php
8,Cudillero (Asturias Province),https://www.spainthisway.com/places/cudillero.php
9,Gijon (Asturias Province),https://www.spainthisway.com/places/gijon.php
10,Laredo (Cantabria Province),https://www.spainthisway.com/places/laredo.php
11,Llanes (Asturias Province),https://www.spainthisway.com/places/llanes.php
12,Luarca (Asturias Province),https://www.spainthisway.com/places/luarca.php
13,Mogrovejo (Cantabria Province),https://www.spainthisway.com/places/mogrovejo.php
14,Oviedo (Asturias Province),https://www.spainthisway.com/places/oviedo.php
15,Potes (Cantabria Province),https://www.spainthisway.com/places/potes.php
16,Puente Viesgo (Cantabria Province),https://www.spainthisway.com/places/puente-viesgo.php
17,Ribadesella (Asturias Province),https://www.spainthisway.com/places/ribadesella.php
18,Santander (Cantabria Province),https://www.spainthisway.com/places/santander.php
19,Santillana del Mar (Cantabria Province),https://www.spainthisway.com/places/santillanadelmar.php
20,Santona (Cantabria Province),https://www.spainthisway.com/places/santona.php
0,Astorga (Leon Province),https://www.spainthisway.com/places/astorga.php
1,Avila (Avila Province),https://www.spainthisway.com/places/avila.php
2,Burgos (Burgos Province),https://www.spainthisway.com/places/burgos.php
3,Castrillo de los Polvazares (Leon Province),https://www.spainthisway.com/places/castrillo-de-los-polvazares.php
4,Ciudad Rodrigo (Salamanca Province),https://www.spainthisway.com/places/ciudad-rodrigo.php
5,La Alberca (Salamanca Province),https://www.spainthisway.com/places/la-alberca.php
6,Las Medulas (Leon Province),https://www.spainthisway.com/places/las-medulas.php
7,Leon (Leon Province),https://www.spainthisway.com/places/medina-del-campo.php
8,Medina del Campo (Vallodolid Province),https://www.spainthisway.com/places/pedraza.php
9,Pedraza de la Sierra (Segovia Province),https://www.spainthisway.com/places/penaranda-de-duero.php
10,Penaranda de Duero (Burgos Province),https://www.spainthisway.com/places/ponferrada.php
11,Ponferrada (Leon Province),https://www.spainthisway.com/places/la-granja-de-san-ildefonso.php
12,Royal Palace of La Granja de San Ildefonso (Segovia Province),https://www.spainthisway.com/places/salamanca.php
13,Salamanca (Salamanca Province),https://www.spainthisway.com/places/segovia.php
14,Segovia (Segovia Province),https://www.spainthisway.com/places/valladolid.php
15,Valladolid (Valladolid Province),https://www.spainthisway.com/places/zamora.php
0,Alarcon (Cuenca Province),https://www.spainthisway.com/places/alarcon.php
1,Alcala del Jucar (Albacete Province),https://www.spainthisway.com/places/alcala-del-jucar.php
2,Alcaraz (Albacete Province),https://www.spainthisway.com/places/alcaraz.php
3,Almagro (Ciudad Real Province),https://www.spainthisway.com/places/almagro.php
4,Atienza (Guadalajara Province),https://www.spainthisway.com/places/atienza.php
5,Belmonte (Cuenca Province),https://www.spainthisway.com/places/belmonte.php
6,Consuegra (Toledo Province),https://www.spainthisway.com/places/consuegra.php
7,Cuenca (Cuenca Province),https://www.spainthisway.com/places/cuenca.php
8,Toledo (Toledo Province),https://www.spainthisway.com/places/toledo.php
0,Barcelona (Barcelona Province),https://www.spainthisway.com/places/barcelona.php
1,Begur (Girona Province),https://www.spainthisway.com/places/begur.php
2,Besalu (Girona Province),https://www.spainthisway.com/places/besalu.php
3,Blanes (Girona Province),https://www.spainthisway.com/places/blanes.php
4,Cadaques (Girona Province),https://www.spainthisway.com/places/cadaques.php
5,Calella-de-Palafrugell (Girona Province),https://www.spainthisway.com/places/calella-de-palafrugell.php
6,Cardona (Barcelona Province),https://www.spainthisway.com/places/cardona.php
7,Casa Batllo (Barcelona Province),https://www.spainthisway.com/places/barcelona-casa-batllo.php
8,Castello d'Empuries (Girona Province),https://www.spainthisway.com/places/castello-d-empuries.php
9,"Eixample, Barcelona (Barcelona Province)",https://www.spainthisway.com/places/eixample-barcelona.php
10,Empuries (Girona Province),https://www.spainthisway.com/places/empuries.php
11,Figueres (Girona Province),https://www.spainthisway.com/places/figueres.php
12,Girona (Girona Province),https://www.spainthisway.com/places/girona.php
13,Gothic Quarter of Barcelona (Barcelona Province),https://www.spainthisway.com/places/barcelona-gothic-quarter.php
14,Jardins de Cap Roig (Girona Province),https://www.spainthisway.com/places/cap-roig.php
15,L'Estartit (Girona Province),https://www.spainthisway.com/places/estartit.php
16,Lleida (Lleida Province),https://www.spainthisway.com/places/lleida.php
17,Lloret de Mar (Girona Province),https://www.spainthisway.com/places/lloret-de-mar.php
18,Monestir de Montserrat (Barcelona Province),https://www.spainthisway.com/places/monestir-de-montserrat.php
19,Monestir de Poblet (Tarragona Province),https://www.spainthisway.com/places/poblet.php
20,Montblanc (Tarragona Province),https://www.spainthisway.com/places/montblanc.php
21,"Montjuic, Barcelona (Barcelona Province)",https://www.spainthisway.com/places/montjuic-barcelona.php
22,Olot (Girona Province),https://www.spainthisway.com/places/olot.php
23,Palamos (Girona Province),https://www.spainthisway.com/places/palamos.php
24,Pals (Girona Province),https://www.spainthisway.com/places/pals.php
25,Peratallada (Girona Province),https://www.spainthisway.com/places/peratallada.php
26,Platja d'Aro (Girona Province),https://www.spainthisway.com/places/platja-d-aro.php
27,PortAventura (Tarragona Province),https://www.spainthisway.com/places/portaventura.php
28,Portlligat (Girona Province),https://www.spainthisway.com/places/portlligat.php
29,Pubol (Girona Province),https://www.spainthisway.com/places/pubol.php
30,Roses (Girona Province),https://www.spainthisway.com/places/roses.php
31,Sagrada Familia (Barcelona Province),https://www.spainthisway.com/places/barcelona-sagrada-familia.php
32,Salou (Tarragona Province),https://www.spainthisway.com/places/salou.php
33,Sant Feliu de Guixols (Girona Province),https://www.spainthisway.com/places/sant-feliu.php
34,Santa Pau (Girona Province),https://www.spainthisway.com/places/santa-pau.php
35,Sitges (Barcelona Province),https://www.spainthisway.com/places/sitges.php
36,Tarragona (Tarragona Province),https://www.spainthisway.com/places/tarragona.php
37,Tossa-de-Mar (Girona Province),https://www.spainthisway.com/places/tossa-de-mar.php
38,Water World (Girona Province),https://www.spainthisway.com/places/waterworld.php
0,Alcantara (Caceres Province),https://www.spainthisway.com/places/alcantara.php
1,Badajoz (Badajoz Province),https://www.spainthisway.com/places/badajoz.php
2,Caceres (Caceres Province),https://www.spainthisway.com/places/caceres.php
3,Guadalupe (Caceres Province),https://www.spainthisway.com/places/guadalupe.php
4,Merida (Badajoz Province),https://www.spainthisway.com/places/merida.php
5,Plasencia (Caceres Province),https://www.spainthisway.com/places/plasencia.php
6,Trujillo (Caceres Province),https://www.spainthisway.com/places/trujillo.php
0,A Coruna (A Coruna Province),https://www.spainthisway.com/places/a-coruna.php
1,A Guarda (Pontevedra Province),https://www.spainthisway.com/places/a-guarda.php
2,Baiona (Pontevedra Province),https://www.spainthisway.com/places/baiona.php
3,Betanzos (A Coruna Province),https://www.spainthisway.com/places/betanzos.php
4,Combarro (Pontevedra Province),https://www.spainthisway.com/places/combarro.php
5,Finisterre (A Coruna Province),https://www.spainthisway.com/places/finisterre.php
6,Lugo (Lugo Province),https://www.spainthisway.com/places/pontevedra.php
7,Pontevedra (Pontevedra Province),https://www.spainthisway.com/places/santiago.php
8,Santiago de Compostela (A Coruna Province),https://www.spainthisway.com/places/tui.php
9,Tui (Pontevedra Province),https://www.spainthisway.com/places/verin.php
10,Verin (Ourense Province),https://www.spainthisway.com/places/vigo.php
0,Alcala de Henares (Madrid Province),https://www.spainthisway.com/places/alcala-de-henares.php
1,Aranjuez (Las Vegas Province),https://www.spainthisway.com/places/aranjuez.php
2,El Escorial (Madrid Province),https://www.spainthisway.com/places/el-escorial.php
3,Madrid (Madrid Province),https://www.spainthisway.com/places/madrid.php
0,Centre and Romantic Districts of San Sebastian (Basque Country Province),https://www.spainthisway.com/places/san-sebastian-centre-romantic.php
1,Hondarribia (Basque Country Province),https://www.spainthisway.com/places/hondarribia.php
2,Old town of San Sebastian (Basque Country Province),https://www.spainthisway.com/places/san-sebastian-old-town.php
3,Olite (Navarra Province),https://www.spainthisway.com/places/olite.php
4,Pamplona (Navarra Province),https://www.spainthisway.com/places/pamplona.php
5,San Sebastian (Basque Country Province),https://www.spainthisway.com/places/san-sebastian.php
6,San Sebastian's Mount Urgull and Mount Igeldo (Basque Country Province),https://www.spainthisway.com/places/san-sebastian-monte.php
7,Sanguesa (Navarra Province),https://www.spainthisway.com/places/sanguesa.php
8,Vitoria (Basque Country Province),https://www.spainthisway.com/places/vitoria.php
0,Aguilas (Murcia Province),https://www.spainthisway.com/places/aguilas.php
1,Albufera Nature Reserve (Valencia Province),https://www.spainthisway.com/places/albufera-nature-reserve.php
2,Alicante (Alicante Province),https://www.spainthisway.com/places/alicante.php
3,Altea (Alicante Province),https://www.spainthisway.com/places/altea.php
4,Benidorm (Valencia Province),https://www.spainthisway.com/places/benidorm.php
5,Calpe (Alicante Province),https://www.spainthisway.com/places/calpe.php
6,Cartagena (Murcia Province),https://www.spainthisway.com/places/cartagena.php
7,City of Arts and Sciences (Valencia Province),https://www.spainthisway.com/places/valencia-city-arts-sciences.php
8,Cullera (Valencia Province),https://www.spainthisway.com/places/cullera.php
9,Denia (Alicante Province),https://www.spainthisway.com/places/denia.php
10,Guadalest (Alicante Province),https://www.spainthisway.com/places/guadalest.php
11,Morella (Castellon Province),https://www.spainthisway.com/places/morella.php
12,National Ceramics Museum (Valencia Province),https://www.spainthisway.com/places/valencia-national-ceramics-museum.php
13,Orihuela (Alicante Province),https://www.spainthisway.com/places/orihuela.php
14,Peniscola (Castellon Province),https://www.spainthisway.com/places/peniscola.php
15,Puerto de Mazarron (Murcia Province),https://www.spainthisway.com/places/puerto-de-mazarron.php
16,Valencia,https://www.spainthisway.com/places/valencia.php
17,Valencia Aquarium (Valencia Province),https://www.spainthisway.com/places/valencia-oceanografic.php
18,Valencia Fine Arts Museum (Valencia Province),https://www.spainthisway.com/places/valencia-museum-fine-arts.php
19,Valencia Silk Exchange (Valencia Province),https://www.spainthisway.com/places/valencia-silk-exchange.php
20,Xativa (Valencia Province),https://www.spainthisway.com/places/xativa.php
21,Xativa Castle (Valencia Province),https://www.spainthisway.com/places/xativa-castle.php
0,Alcudia (Majorca Province),https://www.spainthisway.com/places/alcudia.php
1,Andratx (Mallorca Province),https://www.spainthisway.com/places/andratx.php
2,Cala-en-Porter (Menorca Province),https://www.spainthisway.com/places/cala-en-porter.php
3,Ciutadella (Menorca Province),https://www.spainthisway.com/places/ciutadella.php
4,Cuevas del Drach (Mallorca Province),https://www.spainthisway.com/places/cuevas-del-drach.php
5,Deia (Mallorca Province),https://www.spainthisway.com/places/deia.php
6,Es Canar (Ibiza Province),https://www.spainthisway.com/places/es-canar.php
7,Fornalutx (Mallorca Province),https://www.spainthisway.com/places/fornalutx.php
8,Ibiza Town (Ibiza Province),https://www.spainthisway.com/places/ibiza.php
9,Lluc (Mallorca Province),https://www.spainthisway.com/places/lluc.php
10,Mao (Menorca Province),https://www.spainthisway.com/places/mao.php
11,Palma Cathedral (Mallorca Province),https://www.spainthisway.com/places/palma-cathedral.php
12,Palma-de-Mallorca (Mallorca Province),https://www.spainthisway.com/places/palma.php
13,Pollenca (Mallorca Province),https://www.spainthisway.com/places/pollenca.php
14,Port-de-Soller (Mallorca Province),https://www.spainthisway.com/places/port-de-soller.php
15,Santa Eularia (Ibiza Province),https://www.spainthisway.com/places/santa-eularia.php
16,Soller (Mallorca Province),https://www.spainthisway.com/places/soller.php
17,Valldemossa (Mallorca Province),https://www.spainthisway.com/places/valldemossa.php
0,Anaga Rural Park (Tenerife Province),https://www.spainthisway.com/places/anaga-rural-park.php
1,Garachico (Tenerife Province),https://www.spainthisway.com/places/garachico.php
2,Icod de los Vinos (Tenerife Province),https://www.spainthisway.com/places/icod-de-los-vinos.php
3,La Laguna (Tenerife Province),https://www.spainthisway.com/places/la-laguna.php
4,La Orotava (Tenerife Province),https://www.spainthisway.com/places/la-orotava.php
5,La Restinga (El Hierro Province),https://www.spainthisway.com/places/la-restinga.php
6,Loro Park (Tenerife Province),https://www.spainthisway.com/places/loro-park.php
7,Los Gigantes (Tenerife Province),https://www.spainthisway.com/places/los-gigantes.php
8,Masca (Tenerife Province),https://www.spainthisway.com/places/masca.php
9,Park Teide (Tenerife Province),https://www.spainthisway.com/places/parkteide.php
10,Playa de las Americas (Tenerife Province),https://www.spainthisway.com/places/playa-de-las-americas.php
11,Puerto de la Cruz (Tenerife Province),https://www.spainthisway.com/places/puerto-de-la-cruz.php
12,San Sebastian de la Gomera (La Gomera Province),https://www.spainthisway.com/places/san-sebastian-la-gomera.php
13,Santa Cruz de la Palma (La Palma Province),https://www.spainthisway.com/places/santa-cruz-de-la-palma.php
14,Santa Cruz de Tenerife (Tenerife Province),https://www.spainthisway.com/places/santacruz.php
15,Siam Park (Tenerife Province),https://www.spainthisway.com/places/siam-park.php
16,Tenerife Aqua Parks (Tenerife Province),https://www.spainthisway.com/places/tenerife-aqua-parks.php
0,Corralejo (Fuerteventura Province),https://www.spainthisway.com/places/corralejo.php
1,Costa Teguise (Lanzarote Province),https://www.spainthisway.com/places/costa-teguise.php
2,Haria (Lanzarote Province),https://www.spainthisway.com/places/haria.php
3,Lanzarote (Lanzarote Province),https://www.spainthisway.com/places/lanzarote.php
4,Las Palmas de Gran Canaria (Gran Canaria Province),https://www.spainthisway.com/places/laspalmasdegrancanaria.php
5,Maspalomas and Playa del Ingles (Gran Canaria Province),https://www.spainthisway.com/places/maspaloma.php
6,Playa Blanca (Lanzarote Province),https://www.spainthisway.com/places/playa-blanca.php
7,Poema-del-Mar (Gran Canaria Province),https://www.spainthisway.com/places/poema-del-mar.php
8,Puerto de Mogan (Gran Canaria Province),https://www.spainthisway.com/places/puerto-de-mogan.php
9,Puerto del Carmen (Lanzarote Province),https://www.spainthisway.com/places/puerto-del-carmen.php
10,Puerto del Rosario (Fuerteventura Province),https://www.spainthisway.com/places/puerto-del-rosario.php
11,Teguise (Lanzarote Province),https://www.spainthisway.com/places/teguise.php
12,Timanfaya National Park (Lanzarote Province),https://www.spainthisway.com/places/timanfaya-national-park.php
13,Yaiza (Lanzarote Province),https://www.spainthisway.com/places/yaiza.php